{
  "articles": [
    {
      "title": "从Moments迁移到Ech0",
      "link": "https://blog.liushen.fun/posts/e0b4d5a/",
      "date": "2025-11-02T14:00:21",
      "siteName": "清羽飞扬",
      "siteUrl": "https://blog.liushen.fun",
      "siteAvatar": "https://blog.liushen.fun/info/avatar.ico",
      "siteGroup": "技术博客",
      "description": "朋友之前写了个和 Moments 思路相近的程序，提供完善的 API，可作为说说后端使用。最近他更新了设计并补充常用功能，正好符合我的需求，于是立刻更换。这篇文章记录了适配到说说页面的过程。",
      "author": ""
    },
    {
      "title": "皓量云擎 宁波 8259CL 弹性云服务器测评，2核2G 10M仅需30元/月，超融合平台",
      "link": "https://blog.zeruns.com/archives/918.html",
      "date": "2025-11-02T13:42:48",
      "siteName": "Zeruns's Blog",
      "siteUrl": "https://blog.zeruns.com",
      "siteAvatar": "https://blog.zeruns.com/tx.jpg",
      "siteGroup": "技术博客",
      "description": "皓量云擎宁波弹性云服务器测评：2核2G、10M带宽，仅30元/月，采用超融合平台架构，具备高可用性与高效管理，适合个人和企业使用。",
      "author": "zeruns"
    },
    {
      "title": "Awesome Vibe Coding Tools sparkles可能是目前为止最全的收集了",
      "link": "https://www.blogsclub.org/jump?url=https://blog.xiaohack.org/5210.html",
      "date": "2025-11-02T12:19:08",
      "siteName": "Blogs Club",
      "siteUrl": "https://www.blogsclub.org/",
      "siteAvatar": "/img/links_avatar/blogsclub.png",
      "siteGroup": "博客组织 · 有趣的灵魂，博客人的狂欢",
      "description": "Awesome Vibe Coding Tools sparkles可能是目前为止最全的收集了",
      "author": "xiaohack's Blog"
    },
    {
      "title": "追番星球页面使用示例",
      "link": "https://blog.demius.tech/posts/z4khql9d.html/",
      "date": "2025-11-02T10:00:00",
      "siteName": "字·兮·书",
      "siteUrl": "https://blog.demius.tech",
      "siteAvatar": "/img/avatar.png",
      "siteGroup": "技术博客",
      "description": "<h2 id=\"-追番星球功能简介\">🎬 追番星球功能简介</h2>\n<p>Demius 主题的追番星球功能为您提供了一个优雅的追番追剧记录和展示方案。您可以轻松组织和展示来自B站或其他平台的番剧、动漫、影视作品的追番记录，支持想看、在看、看过三种状态分类，并可视化显示观看进度。</p>\n<h3 id=\"主要特性\">主要特性</h3>\n<ul>\n<li>📊 <strong>三种状态分类</strong>：想看、在看、看过</li>\n<li>🎯 <strong>详细信息展示</strong>：番剧封面、标题、评分、进度等</li>\n<li>📈 <strong>进度可视化</strong>：进度条显示观看进度</li>\n<li>🏷️ <strong>标签切换</strong>：点击标签切换不同状态列表</li>\n<li>🖼️ <strong>封面展示</strong>：高质量封面图片展示</li>\n<li>📱 <strong>响应式布局</strong>：完美适配移动端</li>\n<li>🌙 <strong>暗色模式</strong>：自动适配明暗主题</li>\n<li>📋 <strong",
      "author": ""
    },
    {
      "title": "小区房价继续走低我有一定责任",
      "link": "https://www.blogsclub.org/jump?url=https://onojyun.com/2025/11/02/%e5%b0%8f%e5%8c%ba%e6%88%bf%e4%bb%b7%e7%bb%a7%e7%bb%ad%e8%b5%b0%e4%bd%8e%e6%88%91%e6%9c%89%e4%b8%80%e5%ae%9a%e8%b4%a3%e4%bb%bb/",
      "date": "2025-11-02T09:52:41",
      "siteName": "Blogs Club",
      "siteUrl": "https://www.blogsclub.org/",
      "siteAvatar": "/img/links_avatar/blogsclub.png",
      "siteGroup": "博客组织 · 有趣的灵魂，博客人的狂欢",
      "description": "小区房价继续走低我有一定责任",
      "author": "莫比乌斯"
    },
    {
      "title": "聊聊文库本",
      "link": "https://www.blogsclub.org/jump?url=https://www.glowisle.me/posts/%E8%81%8A%E8%81%8A%E6%96%87%E5%BA%93%E6%9C%AC/",
      "date": "2025-11-02T09:40:02",
      "siteName": "Blogs Club",
      "siteUrl": "https://www.blogsclub.org/",
      "siteAvatar": "/img/links_avatar/blogsclub.png",
      "siteGroup": "博客组织 · 有趣的灵魂，博客人的狂欢",
      "description": "本文将从我个人购买、阅读文库本的经验谈谈文库本的优缺点，以及文库本是否适合你。\n什么是文库本\n文库本，一是在日本明治时期作为全集或丛书的出版形态；二是特指昭和年代后形成的A6尺寸（105mm×148mm）平装小开本书籍，具有便于携带、低价普及的特性。其内容多为经典作品的再版，也包含直接以文库本形式发行的轻小说等新兴出版物。因应关东大地震后对低价书籍的需求，1927年岩波文库开始出版，随后改造社文库、春阳堂文库、新潮文库接连出版，引起了文库热潮。\n\n    \n    我的书\n\n我在今年八月份接触到了这种装帧，并且喜欢上了它，后续买了很多文库本。但这个东西，在国内比较少，大部分还是以16开尺寸出版，由于是日本传进来的，至少我的是以日本文学为主。这一摞只有卡夫卡的《变形记》不是日本文学。\n它真的非常小巧方便携带，罗列数据不是一个直观的方式，把它和我的手机比较一下：\n\n    \n    \n\n这本是一页文库出品的三岛由纪夫的《潮骚》，只比手机宽一点，可以放在口袋里。有一段时间，我的口袋里只有四样东西：手机、耳机、钥匙、书。——这是文库本的优点，非常方便携带，装帧精美，以及在国内不那么明显的价格优",
      "author": "映屿"
    },
    {
      "title": "装备页面使用示例",
      "link": "https://blog.demius.tech/posts/pzvbnv4t.html/",
      "date": "2025-11-02T09:00:00",
      "siteName": "字·兮·书",
      "siteUrl": "https://blog.demius.tech",
      "siteAvatar": "/img/avatar.png",
      "siteGroup": "技术博客",
      "description": "<h2 id=\"-装备页面功能简介\">🎯 装备页面功能简介</h2>\n<p>Demius 主题的装备页面功能为您提供了一个优雅的装备展示和管理方案。通过分组管理和精美的卡片布局，您可以轻松地展示和推荐您使用的数码产品、办公外设、生活用品等各种装备，并支持多平台购买链接，方便访客购买。</p>\n<h3 id=\"主要特性\">主要特性</h3>\n<ul>\n<li>📦 <strong>分组展示</strong>：支持多个装备分组，灵活组织</li>\n<li>🖼️ <strong>图片展示</strong>：大图展示装备外观，支持响应式布局</li>\n<li>📝 <strong>详细信息</strong>：装备名称、描述、价格等信息展示</li>\n<li>🛒 <strong>购买链接</strong>：支持多个电商平台购买链接，方便访客购买</li>\n<li>🎨 <strong>精美卡片</strong>：现代化的卡片设计，视觉效果佳</li>\n<li>💰 <strong>价格标签</strong>：价格标签显示在图片上，一目了然</li>\n<li>📱 <strong>响应式设计</strong",
      "author": ""
    },
    {
      "title": "周末流水账 1102",
      "link": "https://www.blogsclub.org/jump?url=https://blog.solazy.me/20251102/",
      "date": "2025-11-02T09:00:00",
      "siteName": "Blogs Club",
      "siteUrl": "https://www.blogsclub.org/",
      "siteAvatar": "/img/links_avatar/blogsclub.png",
      "siteGroup": "博客组织 · 有趣的灵魂，博客人的狂欢",
      "description": "周末流水账 1102",
      "author": "So!azy"
    },
    {
      "title": "支持清单页面使用示例",
      "link": "https://blog.demius.tech/posts/o8oaqwug.html/",
      "date": "2025-11-02T08:00:00",
      "siteName": "字·兮·书",
      "siteUrl": "https://blog.demius.tech",
      "siteAvatar": "/img/avatar.png",
      "siteGroup": "技术博客",
      "description": "<h2 id=\"-支持清单功能简介\">💝 支持清单功能简介</h2>\n<p>Demius 主题的支持清单功能为您提供了一个优雅的支持者管理和展示方案。通过分组管理和等级系统，您可以轻松组织和展示支持您的朋友们的打赏记录，并显示统计信息，让支持者感受到您的感激之情。</p>\n<h3 id=\"主要特性\">主要特性</h3>\n<ul>\n<li>📊 <strong>统计信息</strong>：显示总打赏金额、支持人数、最后更新日期</li>\n<li>🏆 <strong>等级系统</strong>：支持金牌、银牌、铜牌、普通四个等级</li>\n<li>📖 <strong>分组管理</strong>：支持创建多个支持者分组（主题赞助者、内容创作支持、技术交流支持等）</li>\n<li>👤 <strong>详细信息</strong>：支持者头像、名称、打赏金额、日期、留言</li>\n<li>🎨 <strong>等级徽章</strong>：不同等级显示不同的徽章和边框颜色</li>\n<li>🖼️ <strong>头像展示</strong>：每个支持者支持头像图片</li>\n<li>💬 <strong>",
      "author": ""
    },
    {
      "title": "[开源] 做了一个面向 AI 代理的 Web 自动化库：双引擎（HTTP + 浏览器）+ 声明式动作，让 AI 像人一样浏览网页",
      "link": "https://www.blogsclub.org/jump?url=https://blog.xiaohack.org/5207.html",
      "date": "2025-11-02T07:47:00",
      "siteName": "Blogs Club",
      "siteUrl": "https://www.blogsclub.org/",
      "siteAvatar": "/img/links_avatar/blogsclub.png",
      "siteGroup": "博客组织 · 有趣的灵魂，博客人的狂欢",
      "description": "最近一直在折腾 AI Agent ，发现让 Agent 可靠地与 Web 交互是个大难题，现有工具要么太底层，要么不够灵活。所以动手撸了一个轮子： @isdk/web-fetcher，想和大家分...",
      "author": "xiaohack's Blog"
    },
    {
      "title": "开源一个可以 Docker 容器部署的 ipa 下载工具，用于下载历史版本的 iOS 应用",
      "link": "https://www.blogsclub.org/jump?url=https://blog.xiaohack.org/5204.html",
      "date": "2025-11-02T07:40:25",
      "siteName": "Blogs Club",
      "siteUrl": "https://www.blogsclub.org/",
      "siteAvatar": "/img/links_avatar/blogsclub.png",
      "siteGroup": "博客组织 · 有趣的灵魂，博客人的狂欢",
      "description": "本次开源了一个我自用的工具 IPA-Harbor, 基于 ipatool ，用来下载 ipa ，避免重复的抓包下载 ipa 等操作，使用 Web 面板访问，支持 App 搜索、历史版本下载，支持...",
      "author": "xiaohack's Blog"
    },
    {
      "title": "【25年44周记】周测、最累的生日、运动会",
      "link": "https://www.blogsclub.org/jump?url=https://www.haoyu233.com/2199.html",
      "date": "2025-11-02T04:51:19",
      "siteName": "Blogs Club",
      "siteUrl": "https://www.blogsclub.org/",
      "siteAvatar": "/img/links_avatar/blogsclub.png",
      "siteGroup": "博客组织 · 有趣的灵魂，博客人的狂欢",
      "description": "运动会、生日……不知不觉10月就这么过去了。",
      "author": "小改学习志"
    },
    {
      "title": "一个使用Supabase的小项目",
      "link": "https://www.blogsclub.org/jump?url=https://tianhw.top/posts/bianqian/",
      "date": "2025-11-02T00:00:00",
      "siteName": "Blogs Club",
      "siteUrl": "https://www.blogsclub.org/",
      "siteAvatar": "/img/links_avatar/blogsclub.png",
      "siteGroup": "博客组织 · 有趣的灵魂，博客人的狂欢",
      "description": "本文介绍了一个基于 Supabase 构建的纯前端匿名留言墙。无需登录，自由书写，随意拖动——你的每一张便签都会实时同步到云端，并与所有访客共享。",
      "author": "THW’s Blog"
    },
    {
      "title": "2026年江苏高考报名开始！",
      "link": "https://www.blogsclub.org/jump?url=https://www.iczrx.cn/archives/160/",
      "date": "2025-11-01T16:47:53",
      "siteName": "Blogs Club",
      "siteUrl": "https://www.blogsclub.org/",
      "siteAvatar": "/img/links_avatar/blogsclub.png",
      "siteGroup": "博客组织 · 有趣的灵魂，博客人的狂欢",
      "description": "2026年江苏高考报名开始！",
      "author": "晚夜的个人博客"
    },
    {
      "title": "记录网站第一次被DDOS攻击和鳞状云晚霞",
      "link": "https://www.blogsclub.org/jump?url=https://blog.ybyq.wang/archives/1282.html",
      "date": "2025-11-01T16:35:00",
      "siteName": "Blogs Club",
      "siteUrl": "https://www.blogsclub.org/",
      "siteAvatar": "/img/links_avatar/blogsclub.png",
      "siteGroup": "博客组织 · 有趣的灵魂，博客人的狂欢",
      "description": "今天下午照例待在图书馆。午饭吃得少，五点就饿了，便喊朋友一起去吃饭。刚走出图书馆，就遇到漂亮的鳞状云和夕阳，顺手拍了几张。\n                    \n              ...",
      "author": "Xuan's blog"
    },
    {
      "title": "LMS Test.lab教程",
      "link": "https://www.blogsclub.org/jump?url=https://blog.xiaohack.org/5200.html",
      "date": "2025-11-01T15:12:00",
      "siteName": "Blogs Club",
      "siteUrl": "https://www.blogsclub.org/",
      "siteAvatar": "/img/links_avatar/blogsclub.png",
      "siteGroup": "博客组织 · 有趣的灵魂，博客人的狂欢",
      "description": "LMS Test.lab教程",
      "author": "xiaohack's Blog"
    },
    {
      "title": "像素博客-内容调整记录",
      "link": "https://www.blogsclub.org/jump?url=https://panixk.com/241.html",
      "date": "2025-11-01T15:08:24",
      "siteName": "Blogs Club",
      "siteUrl": "https://www.blogsclub.org/",
      "siteAvatar": "/img/links_avatar/blogsclub.png",
      "siteGroup": "博客组织 · 有趣的灵魂，博客人的狂欢",
      "description": "像素博客-内容调整记录",
      "author": "像素博客"
    },
    {
      "title": "Mineru-web，为mineru打造的ui界面",
      "link": "https://www.blogsclub.org/jump?url=https://blog.xiaohack.org/5196.html",
      "date": "2025-11-01T15:07:38",
      "siteName": "Blogs Club",
      "siteUrl": "https://www.blogsclub.org/",
      "siteAvatar": "/img/links_avatar/blogsclub.png",
      "siteGroup": "博客组织 · 有趣的灵魂，博客人的狂欢",
      "description": "Mineru-web，为mineru打造的ui界面",
      "author": "xiaohack's Blog"
    },
    {
      "title": "2025-11-01",
      "link": "https://www.blogsclub.org/jump?url=https://panixk.com/238.html",
      "date": "2025-11-01T14:42:34",
      "siteName": "Blogs Club",
      "siteUrl": "https://www.blogsclub.org/",
      "siteAvatar": "/img/links_avatar/blogsclub.png",
      "siteGroup": "博客组织 · 有趣的灵魂，博客人的狂欢",
      "description": "",
      "author": "像素博客"
    },
    {
      "title": "我在城市中心：石门森林公园游记",
      "link": "https://www.blogsclub.org/jump?url=https://bluehe.cn/archives/nanning-shimen-park",
      "date": "2025-11-01T13:38:00",
      "siteName": "Blogs Club",
      "siteUrl": "https://www.blogsclub.org/",
      "siteAvatar": "/img/links_avatar/blogsclub.png",
      "siteGroup": "博客组织 · 有趣的灵魂，博客人的狂欢",
      "description": "20...",
      "author": "云心怀鹤"
    },
    {
      "title": "写在十一月的开头",
      "link": "https://www.blogsclub.org/jump?url=https://www.glowisle.me/posts/beginning-of-november/",
      "date": "2025-11-01T11:54:36",
      "siteName": "Blogs Club",
      "siteUrl": "https://www.blogsclub.org/",
      "siteAvatar": "/img/links_avatar/blogsclub.png",
      "siteGroup": "博客组织 · 有趣的灵魂，博客人的狂欢",
      "description": "写在十一月的开头",
      "author": "映屿"
    },
    {
      "title": "自己开发了一个记账本",
      "link": "https://www.blogsclub.org/jump?url=https://note.dongzi.xyz/posts/6905ed6447777142a7ab3538",
      "date": "2025-11-01T11:22:12",
      "siteName": "Blogs Club",
      "siteUrl": "https://www.blogsclub.org/",
      "siteAvatar": "/img/links_avatar/blogsclub.png",
      "siteGroup": "博客组织 · 有趣的灵魂，博客人的狂欢",
      "description": "说起记账本，大家并不陌生。它可以方便在月末、年末看这一段时间花了多少，也可以查看过去某一天所花费的情况。如果只用一个支付平台，如支付宝，点进账单，它就会自动出现一个月份收支统计。但在日常生活中，我们所使用的支付方式往往不唯一，可能是现金，可能是微信支付，或者是支付宝支付等。因此，就要有一个地方来存所有支付方式的数据...",
      "author": "东子个人博客"
    },
    {
      "title": "Window下Bandicoot库的使用",
      "link": "https://www.blogsclub.org/jump?url=http://bk.treeblog.top/index.php/archives/178/",
      "date": "2025-11-01T11:18:00",
      "siteName": "Blogs Club",
      "siteUrl": "https://www.blogsclub.org/",
      "siteAvatar": "/img/links_avatar/blogsclub.png",
      "siteGroup": "博客组织 · 有趣的灵魂，博客人的狂欢",
      "description": "Windows环境下Bandicoot-CUDA GPU加速计算配置指南概述本文档详细介绍了在Windows环境下配置和使用Bandicoot-CUDA进行GPU加速计算的完整流程。Bandic...",
      "author": "shu"
    },
    {
      "title": "子比主题美化 – 申请友链、网站地图、免责声明、广告合作等按钮美化教程",
      "link": "https://www.blogsclub.org/jump?url=https://blog.redcha.cn/2271.html",
      "date": "2025-11-01T11:12:56",
      "siteName": "Blogs Club",
      "siteUrl": "https://www.blogsclub.org/",
      "siteAvatar": "/img/links_avatar/blogsclub.png",
      "siteGroup": "博客组织 · 有趣的灵魂，博客人的狂欢",
      "description": "子比主题美化 – 申请友链、网站地图、免责声明、广告合作等按钮美化教程",
      "author": "彬红茶博客"
    },
    {
      "title": "周末流水账 1101",
      "link": "https://www.blogsclub.org/jump?url=https://blog.solazy.me/20251101/",
      "date": "2025-11-01T11:00:00",
      "siteName": "Blogs Club",
      "siteUrl": "https://www.blogsclub.org/",
      "siteAvatar": "/img/links_avatar/blogsclub.png",
      "siteGroup": "博客组织 · 有趣的灵魂，博客人的狂欢",
      "description": "周末流水账 1101",
      "author": "So!azy"
    },
    {
      "title": "Uptime Kuma美化代码",
      "link": "https://www.blogsclub.org/jump?url=https://www.memxb.top/archives/922",
      "date": "2025-11-01T10:12:16",
      "siteName": "Blogs Club",
      "siteUrl": "https://www.blogsclub.org/",
      "siteAvatar": "/img/links_avatar/blogsclub.png",
      "siteGroup": "博客组织 · 有趣的灵魂，博客人的狂欢",
      "description": "Uptime Kuma美化代码",
      "author": "默小班"
    },
    {
      "title": "酥米的碎碎念（3）",
      "link": "https://www.blogsclub.org/jump?url=https://www.sumi233.top/%E9%85%A5%E7%B1%B3%E7%9A%84%E7%A2%8E%E7%A2%8E%E5%BF%B5/%E9%85%A5%E7%B1%B3%E7%9A%84%E7%A2%8E%E7%A2%8E%E5%BF%B53/",
      "date": "2025-11-01T09:30:50",
      "siteName": "Blogs Club",
      "siteUrl": "https://www.blogsclub.org/",
      "siteAvatar": "/img/links_avatar/blogsclub.png",
      "siteGroup": "博客组织 · 有趣的灵魂，博客人的狂欢",
      "description": "公众号开起来啦酥米碎语小屋正式运营！18岁总算是可以开公众号啦～目前计划应该还是搬一点博客里面的内容到里面去，后面应该会整一些实用工具软件分享，欢迎大家关注哦～网站被腾讯误封前两天的时候让我朋友从qq打开小站的时候，发现网站居然被腾讯误封，虽然它写着被举报封的，我的小站平时少人来，不至于被举报🌚。于是我试了一下，qq和微信无一例外全被封，后面我去站长申诉了，腾讯方面发邮件过来，目前应该是解封了新域名最近眼馋朋友的便宜新域名，问了下在哪里买的，于是自己也买了一个，是在spaceship上购入滴。十分便宜，4.77元，甚至续费也是这个价格，还是xyz后缀，不过是纯数字域名，刚好我需要把域名的一些东西给分离开，也不介意域名的名称，还便宜，没有犹豫，就直接拿下啦😀。说干就干，我直接把域名丢Cloudflare上托管，最后搞定啦哈哈（加域名到cf有个坑，得在cf里面添加DNSSEC，然后把记录添加到spaceship里面，cf才能正确识别域名，难崩🌚）。这个域名我大概会用来远程nas或者电脑来用，还是很香的。各位都可以去申请一个来玩玩，spaceship居然可以用支付宝给钱，真不戳，地址放在下面",
      "author": "酥米的小站"
    },
    {
      "title": "Magic Lantern 魔灯：增加佳能单反相机的可玩性",
      "link": "https://www.blogsclub.org/jump?url=https://wuminboke.site/uncategorized/how-to-install-magic-lantern-firmware-on-canon-dslr/",
      "date": "2025-11-01T08:09:45",
      "siteName": "Blogs Club",
      "siteUrl": "https://www.blogsclub.org/",
      "siteAvatar": "/img/links_avatar/blogsclub.png",
      "siteGroup": "博客组织 · 有趣的灵魂，博客人的狂欢",
      "description": "Magic Lantern 魔灯：增加佳能单反相机的可玩性",
      "author": "无名博客"
    },
    {
      "title": "堂弟生日之回老家",
      "link": "https://www.blogsclub.org/jump?url=https://ilogs.cn/2025/11/01/320.html",
      "date": "2025-11-01T07:58:00",
      "siteName": "Blogs Club",
      "siteUrl": "https://www.blogsclub.org/",
      "siteAvatar": "/img/links_avatar/blogsclub.png",
      "siteGroup": "博客组织 · 有趣的灵魂，博客人的狂欢",
      "description": "昨天收到了堂弟生日的消息，今天早上我还没起床，他就发来视频催我早点过去。这几天已经连续在外面吃了好几顿，肚皮也大了好几圈。没什么特别的礼物好送，知道他平时喜欢喝可乐，我就直接提了一件过去。记得好...",
      "author": "我的日志"
    },
    {
      "title": "石漫滩二郎山半日游",
      "link": "https://www.blogsclub.org/jump?url=https://xyzbz.cn/archives/1465/",
      "date": "2025-11-01T07:50:30",
      "siteName": "Blogs Club",
      "siteUrl": "https://www.blogsclub.org/",
      "siteAvatar": "/img/links_avatar/blogsclub.png",
      "siteGroup": "博客组织 · 有趣的灵魂，博客人的狂欢",
      "description": "此行缘由说起来此行有部分原因是因为前段时间电车第三次续保送的加油卷。自从有电车后油车开的很少，加了一次，没怎么开，但是第二张快到期了，不加就废了，关键是油箱油有点多，需要跑跑才能继续加。于是便跟...",
      "author": "网友小宋"
    },
    {
      "title": "Chromium 浏览器存在严重安全漏洞，可导致数十亿用户浏览器崩溃",
      "link": "https://www.blogsclub.org/jump?url=https://blog.xiaohack.org/5194.html",
      "date": "2025-11-01T07:15:07",
      "siteName": "Blogs Club",
      "siteUrl": "https://www.blogsclub.org/",
      "siteAvatar": "/img/links_avatar/blogsclub.png",
      "siteGroup": "博客组织 · 有趣的灵魂，博客人的狂欢",
      "description": "安全研究员 Jose Pino 发现 Chromium 的 Blink 渲染引擎存在一个关键漏洞，可在 15 到 60 秒内导致基于 Chromium 的浏览器崩溃。该漏洞影响 Chrome、E...",
      "author": "xiaohack's Blog"
    },
    {
      "title": "Why Blog",
      "link": "https://www.blogsclub.org/jump?url=https://www.laomuzhu.cn/228.html",
      "date": "2025-11-01T06:41:00",
      "siteName": "Blogs Club",
      "siteUrl": "https://www.blogsclub.org/",
      "siteAvatar": "/img/links_avatar/blogsclub.png",
      "siteGroup": "博客组织 · 有趣的灵魂，博客人的狂欢",
      "description": "如题为什么要有一个属于自己的博客似乎是每一位博主都会提及的一个老生常谈的话题只是深知，真正会为它驻足的人不多，远不及最初设想的热闹但是拥有一个属于自己的域名还有服务器已是件足够浪漫并且很酷的事当...",
      "author": "木竹"
    },
    {
      "title": "🌟 CN-e-learning：电教委员的全能指南",
      "link": "https://www.blogsclub.org/jump?url=https://peter267.github.io/posts/post40/",
      "date": "2025-11-01T06:28:00",
      "siteName": "Blogs Club",
      "siteUrl": "https://www.blogsclub.org/",
      "siteAvatar": "/img/links_avatar/blogsclub.png",
      "siteGroup": "博客组织 · 有趣的灵魂，博客人的狂欢",
      "description": "今天是11月1日，祝大家万圣节🎃快乐呀！不给糖就捣蛋！！！这是我最近这一段时间做的一个《电教委员指南》项目，隶属于智教联盟。本篇文章旨在介绍此项目。什么是 CN-e-learning？无论你是刚上任的电教委员，还是想提升工作效率的 “老司机”，这个项目都能成为你 classroom tech 运维的得力助手。CN-e-learning 是一个专为电教委员打造的开源指南项目，汇集了全国多所学校资深电教委的实战经验。从设备故障排查到软件操作技巧，从基础维护到进阶方案，这里涵盖了课堂技术支持的方方面面。项目采用 VitePress 构建，文档结构清晰，支持本地部署和在线查阅，让你在课间紧急时刻也能快速找到解决方案。✨ 为什么值得加入？1. 内容实用且专业由经验丰富的一线电教委编写，所有方法都经过实际课堂验证覆盖投影仪、音响、一体机等常见教学设备的故障处理包含 Windows 系统配置、教学软件使用等实用技巧2. 持续更新的知识库定期收录新设备型号的解决方案（如最新交互式白板操作）跟进教育信息化政策，提供合规性配置指南汇聚多校经验，形成 “一地问题，全国经验” 的共享机制3. 易于参与和贡献支",
      "author": "PeterTech"
    },
    {
      "title": "学习 || 结构力学（2）",
      "link": "https://www.blogsclub.org/jump?url=https://www.yishu.pro/archives/169.html",
      "date": "2025-11-01T04:05:10",
      "siteName": "Blogs Club",
      "siteUrl": "https://www.blogsclub.org/",
      "siteAvatar": "/img/links_avatar/blogsclub.png",
      "siteGroup": "博客组织 · 有趣的灵魂，博客人的狂欢",
      "description": "# 力学基本概念\n力：矢量，有方向，但合力不能简单的加减。\n力矩：转动能力，力对点之矩，办对物体产生转动作用。\n力偶：大小相等，方向相反，作用线平行但不重合的两力组成的力系。\n力偶矩：m=f*d，在平面力系中，力偶对平面内任意点的力偶矩都相同，与点的位置无...",
      "author": "异数"
    },
    {
      "title": "Emacs，我又回来了！",
      "link": "https://www.blogsclub.org/jump?url=https://www.glowisle.me/posts/emacs-i-am-back/",
      "date": "2025-11-01T04:01:12",
      "siteName": "Blogs Club",
      "siteUrl": "https://www.blogsclub.org/",
      "siteAvatar": "/img/links_avatar/blogsclub.png",
      "siteGroup": "博客组织 · 有趣的灵魂，博客人的狂欢",
      "description": "Emacs，我又回来了！",
      "author": "映屿"
    },
    {
      "title": "坐飞机免费住四星级诺富特酒店",
      "link": "https://www.blogsclub.org/jump?url=https://me.xu19.com/free-flight-transit-novotel-hotel/",
      "date": "2025-11-01T02:52:52",
      "siteName": "Blogs Club",
      "siteUrl": "https://www.blogsclub.org/",
      "siteAvatar": "/img/links_avatar/blogsclub.png",
      "siteGroup": "博客组织 · 有趣的灵魂，博客人的狂欢",
      "description": "本次出行航班情况 先来说说这次去内蒙古呼和浩特的情况，来回一共四趟飞机，去程是从路桥机场到济南机场，然后济南到呼和浩 ...",
      "author": "我是军爸"
    },
    {
      "title": "万圣节",
      "link": "https://www.blogsclub.org/jump?url=https://onojyun.com/2025/11/01/%e4%b8%87%e5%9c%a3%e8%8a%82/",
      "date": "2025-11-01T00:31:40",
      "siteName": "Blogs Club",
      "siteUrl": "https://www.blogsclub.org/",
      "siteAvatar": "/img/links_avatar/blogsclub.png",
      "siteGroup": "博客组织 · 有趣的灵魂，博客人的狂欢",
      "description": "万圣节最大的乐趣是什么？ 是看大家不同的装扮吗？ 不是，是看警察在街上会收走和带走什么样的装扮。",
      "author": "莫比乌斯"
    },
    {
      "title": "博客俱乐部，最有社区氛围的中文博客联盟",
      "link": "https://www.blogsclub.org/jump?url=https://www.vindo.cn/blog/blogc",
      "date": "2025-11-01T00:00:00",
      "siteName": "Blogs Club",
      "siteUrl": "https://www.blogsclub.org/",
      "siteAvatar": "/img/links_avatar/blogsclub.png",
      "siteGroup": "博客组织 · 有趣的灵魂，博客人的狂欢",
      "description": "深入了解BlogsClub中文博客联盟，一个汇聚活跃博主、充满独特社区氛围的公益平台。本文分享作者的深度体验，揭示其丰富功能与站长的用心，感受博主间的真诚交流与共同成长。",
      "author": "静观小窗"
    },
    {
      "title": "船游西湖，徒步河坊街",
      "link": "https://www.blogsclub.org/jump?url=https://lhasa.icu/posts/life/2025-11-01-west-lake-boat-hefang-walk",
      "date": "2025-10-31T17:06:00",
      "siteName": "Blogs Club",
      "siteUrl": "https://www.blogsclub.org/",
      "siteAvatar": "/img/links_avatar/blogsclub.png",
      "siteGroup": "博客组织 · 有趣的灵魂，博客人的狂欢",
      "description": "船游西湖，徒步河坊街",
      "author": "游钓四方"
    },
    {
      "title": "为OpenList（Alist）添加OnlyOffice预览",
      "link": "https://www.blogsclub.org/jump?url=https://www.tilawacesoil.top/knowledge/%e4%b8%baopenlist%ef%bc%88alist%ef%bc%89%e6%b7%bb%e5%8a%a0onlyoffice%e9%a2%84%e8%a7%88/",
      "date": "2025-10-31T16:00:11",
      "siteName": "Blogs Club",
      "siteUrl": "https://www.blogsclub.org/",
      "siteAvatar": "/img/links_avatar/blogsclub.png",
      "siteGroup": "博客组织 · 有趣的灵魂，博客人的狂欢",
      "description": "为OpenList（Alist）添加OnlyOffice预览",
      "author": "Tilawa Cesoil的小站"
    },
    {
      "title": "让博客永恒的探索",
      "link": "https://www.blogsclub.org/jump?url=https://mabbs.github.io/2025/11/01/mirrors.html",
      "date": "2025-10-31T16:00:00",
      "siteName": "Blogs Club",
      "siteUrl": "https://www.blogsclub.org/",
      "siteAvatar": "/img/links_avatar/blogsclub.png",
      "siteGroup": "博客组织 · 有趣的灵魂，博客人的狂欢",
      "description": "让博客永恒的探索",
      "author": "Mayx的博客"
    },
    {
      "title": "子比主题美化 – 底部页脚排版+各种认证图标以及渐变时间运行",
      "link": "https://www.blogsclub.org/jump?url=https://blog.redcha.cn/2261.html",
      "date": "2025-10-31T15:22:00",
      "siteName": "Blogs Club",
      "siteUrl": "https://www.blogsclub.org/",
      "siteAvatar": "/img/links_avatar/blogsclub.png",
      "siteGroup": "博客组织 · 有趣的灵魂，博客人的狂欢",
      "description": "子比主题美化 – 底部页脚排版+各种认证图标以及渐变时间运行",
      "author": "彬红茶博客"
    },
    {
      "title": "子比主题美化 - WordPress侧边栏小工具彩色标签云",
      "link": "https://www.blogsclub.org/jump?url=https://blog.redcha.cn/2256.html",
      "date": "2025-10-31T15:12:33",
      "siteName": "Blogs Club",
      "siteUrl": "https://www.blogsclub.org/",
      "siteAvatar": "/img/links_avatar/blogsclub.png",
      "siteGroup": "博客组织 · 有趣的灵魂，博客人的狂欢",
      "description": "子比主题美化 - WordPress侧边栏小工具彩色标签云",
      "author": "彬红茶博客"
    },
    {
      "title": "老板的善意 v.s. 顾客的难题",
      "link": "https://www.blogsclub.org/jump?url=https://blog.solazy.me/20251031/",
      "date": "2025-10-31T15:00:00",
      "siteName": "Blogs Club",
      "siteUrl": "https://www.blogsclub.org/",
      "siteAvatar": "/img/links_avatar/blogsclub.png",
      "siteGroup": "博客组织 · 有趣的灵魂，博客人的狂欢",
      "description": "生活中我常常会遇到一种微妙的窘境。\n比如，去一家餐厅用餐后，你花心思写下了一段数百字的评价，内容中肯，并非单纯的抱怨。不久后，老板可能会在评论区回复，或是当面告诉你：「下次来和我说，我给你加个菜」。又或者，刚刚，我在一个常去的水饺店的微信群里看到的，一名顾客点了外卖后在群里分享体验，提醒大家外卖口感不如堂食。老板看到后，在群里说：「下次你来店里吃的话和我讲，我多送你几个」。\n无论是哪种例子，这个「下次补偿」的承诺，都将我们置于一个有趣且略带尴尬的社交情境中。\n我愿意相信，老板说出这句话的瞬间，内心是真诚的。这份承诺，或许源于对你细致反馈的感激，也可能带有一丝对服务或产品不完美的愧疚。之所以是「下次」，并非客套。毕竟，当他们看到你的反馈时，你很可能早已用餐完毕，或是已经离开。当场折算成现金，显得生分和计较；直接免单，又似乎小题大做。因此，将这份心意寄托于下一次光临，用一份菜品或餐食来作为补偿，合情合理。\n这其中也包含着朴素的商业考量：用一个微小的成本，既表达了善意，又创造了一个让你再次光顾的理由，试图将一次性的买卖关系，转化为更有人情味的长期连接。\n然而，这份善意传递到顾客这边，却常常转",
      "author": "So!azy"
    },
    {
      "title": "万圣节前夜",
      "link": "https://www.blogsclub.org/jump?url=https://www.wkqx.com/5.html",
      "date": "2025-10-31T14:46:41",
      "siteName": "Blogs Club",
      "siteUrl": "https://www.blogsclub.org/",
      "siteAvatar": "/img/links_avatar/blogsclub.png",
      "siteGroup": "博客组织 · 有趣的灵魂，博客人的狂欢",
      "description": "时间过得真快，又到11月份，万圣节，洋节来的。别的地方过万圣节我觉得有点问题，没那个文化氛围，上海不同，九州汇聚，妖魔鬼怪也多，最适合过万圣节，万圣节不就是外国的“鬼节”嘛。其实过…",
      "author": "惟康前行"
    },
    {
      "title": "账户再创新高",
      "link": "https://www.blogsclub.org/jump?url=https://wangquan.cc/archives/155/",
      "date": "2025-10-31T14:44:00",
      "siteName": "Blogs Club",
      "siteUrl": "https://www.blogsclub.org/",
      "siteAvatar": "/img/links_avatar/blogsclub.png",
      "siteGroup": "博客组织 · 有趣的灵魂，博客人的狂欢",
      "description": "自从摘木梓的那几天设置了早上五点半的闹钟后，已经持续一周都是在五点二十醒来，而且误差不会超过五分钟，不知要如何打破这种局面。当然，这本身其实也没有多大的问题，因为在家里一般都睡得相对较早。早睡早...",
      "author": "小王日记"
    },
    {
      "title": "待业一月",
      "link": "https://www.blogsclub.org/jump?url=https://wangquan.cc/archives/154/",
      "date": "2025-10-31T13:58:00",
      "siteName": "Blogs Club",
      "siteUrl": "https://www.blogsclub.org/",
      "siteAvatar": "/img/links_avatar/blogsclub.png",
      "siteGroup": "博客组织 · 有趣的灵魂，博客人的狂欢",
      "description": "金秋十月，丹桂飘香。在这个充满收获和喜悦的季节里，确实发生了一些令人开心的好事。最重要的就是认识了鱼，一位落落大方的好姑娘，我们一起吃了四顿饭，虽然没有更多别的相处时光，但我她给我带来很多好运。...",
      "author": "小王日记"
    },
    {
      "title": "AI自动生成文章的wordpress插件",
      "link": "https://www.blogsclub.org/jump?url=https://blog.xiaohack.org/5189.html",
      "date": "2025-10-31T13:56:27",
      "siteName": "Blogs Club",
      "siteUrl": "https://www.blogsclub.org/",
      "siteAvatar": "/img/links_avatar/blogsclub.png",
      "siteGroup": "博客组织 · 有趣的灵魂，博客人的狂欢",
      "description": "介绍1.免费且开源，代码无加密可自行修改（不要用于二次售卖）。2.适当配置可生成收录不错的内容。3.关注参考内容配置，可生成适合GEO的内容。4.关于授权问题，其实可以直接覆盖跳过，授权是为了了...",
      "author": "xiaohack's Blog"
    },
    {
      "title": "《临江仙·梦后楼台高锁》：一场浮生若梦的相思祭",
      "link": "https://www.blogsclub.org/jump?url=https://www.mioc.cn/archives/5ac01c16",
      "date": "2025-10-31T11:03:15",
      "siteName": "Blogs Club",
      "siteUrl": "https://www.blogsclub.org/",
      "siteAvatar": "/img/links_avatar/blogsclub.png",
      "siteGroup": "博客组织 · 有趣的灵魂，博客人的狂欢",
      "description": "《临江仙·梦后楼台高锁》是晏几道对歌女小蘋深切相思的抒发，词中融合了梦与现实的交织，展现了宋代文人的情感细腻。开篇以“梦后”与“酒醒”的对比，描绘出词人内心的...",
      "author": "秘柯絮语"
    },
    {
      "title": "橄榄菜",
      "link": "https://www.blogsclub.org/jump?url=https://middlemanz.com/categories/daily/%E9%9A%8F%E7%AC%94/%E6%A9%84%E6%A6%84%E8%8F%9C/",
      "date": "2025-10-31T09:48:07",
      "siteName": "Blogs Club",
      "siteUrl": "https://www.blogsclub.org/",
      "siteAvatar": "/img/links_avatar/blogsclub.png",
      "siteGroup": "博客组织 · 有趣的灵魂，博客人的狂欢",
      "description": "每一个东北人都应该吃过来自南方的神秘馈赠::quote是我自己编的昨天做米饭的时候放水放少了，同样的米饭这次做完只有之前的二分之一大小。比较硬，吃不太下去。第二天中午不知道吃什么，看着梆硬的米饭，毫无食欲。转念一想，干脆煮成粥吧。来到日本三年半，做粥的次数还是寥寥无几。其中缘由大多数每次做饭都只做正正好好的量，这样就不会剩饭（因为剩饭了也不会吃）。但是这次剩的饭还是太多了，就选择了粥。粥一冒泡，屋里飘出熟悉的香气。对我来说，粥从来不只是食...",
      "author": "Middleman"
    },
    {
      "title": "Nuxt.js为网站添加RSS订阅",
      "link": "https://www.blogsclub.org/jump?url=https://note.dongzi.xyz/posts/6904792447777142a7aac707",
      "date": "2025-10-31T08:53:56",
      "siteName": "Blogs Club",
      "siteUrl": "https://www.blogsclub.org/",
      "siteAvatar": "/img/links_avatar/blogsclub.png",
      "siteGroup": "博客组织 · 有趣的灵魂，博客人的狂欢",
      "description": "众所周知，Nuxt.js是一款服务端渲染框架，与Vue.js相比，好处在于利于SEO优化。用它来做博客门户再合适不过。基本上每个博客都有RSS订阅，也就是访客可以通过rss订阅，在不访问网站的情况下，就能获取该网站的最新文章。那么如何在Nuxt.js中实现呢...",
      "author": "东子个人博客"
    },
    {
      "title": "心不狠，站不稳，成年人的生存铁律",
      "link": "https://www.blogsclub.org/jump?url=https://www.okang.top/archives/3250",
      "date": "2025-10-31T08:52:30",
      "siteName": "Blogs Club",
      "siteUrl": "https://www.blogsclub.org/",
      "siteAvatar": "/img/links_avatar/blogsclub.png",
      "siteGroup": "博客组织 · 有趣的灵魂，博客人的狂欢",
      "description": "心不狠，站不稳，成年人的生存铁律",
      "author": "OKang"
    },
    {
      "title": "说说：#1761900385",
      "link": "https://www.blogsclub.org/jump?url=https://eggk.net/notes/7576a5ee.html",
      "date": "2025-10-31T08:46:25",
      "siteName": "Blogs Club",
      "siteUrl": "https://www.blogsclub.org/",
      "siteAvatar": "/img/links_avatar/blogsclub.png",
      "siteGroup": "博客组织 · 有趣的灵魂，博客人的狂欢",
      "description": "在外承受的委屈，回到家只会被指责是我的错，这让我怎么对家有怀念？",
      "author": "拂晓不辍"
    },
    {
      "title": "Discourse AI 配置教程，使用硅基流动API，免费开启AI功能",
      "link": "https://blog.zeruns.com/archives/917.html",
      "date": "2025-10-31T08:03:00",
      "siteName": "Zeruns's Blog",
      "siteUrl": "https://blog.zeruns.com",
      "siteAvatar": "https://blog.zeruns.com/tx.jpg",
      "siteGroup": "技术博客",
      "description": "本文介绍了如何在Discourse论坛中配置AI功能，包括启用AI插件、设置LLM模型和Embedding模型，以及实现翻译、审核等功能。通过硅基流动API，用户可免费获取资源并提升社区管理效率。",
      "author": "zeruns"
    },
    {
      "title": "免费抢注成功的eu.org域名被黑客扫走了。",
      "link": "https://www.blogsclub.org/jump?url=https://yljm.com/index.php/archives/70.html",
      "date": "2025-10-31T07:58:00",
      "siteName": "Blogs Club",
      "siteUrl": "https://www.blogsclub.org/",
      "siteAvatar": "/img/links_avatar/blogsclub.png",
      "siteGroup": "博客组织 · 有趣的灵魂，博客人的狂欢",
      "description": "免费抢注成功的eu.org域名被黑客扫走了。",
      "author": "依阑记梦blog"
    },
    {
      "title": "瘾",
      "link": "https://www.blogsclub.org/jump?url=https://h4ck.org.cn/2025/10/21903",
      "date": "2025-10-31T07:50:07",
      "siteName": "Blogs Club",
      "siteUrl": "https://www.blogsclub.org/",
      "siteAvatar": "/img/links_avatar/blogsclub.png",
      "siteGroup": "博客组织 · 有趣的灵魂，博客人的狂欢",
      "description": "有时候我想，自己心理多少是有些变态的。跟正常的人不一样，多多少少都有点类似赛博精神病的那种感觉。也许是审美不行，也许是自己什么没什么艺术细胞，喜欢的风格和东西，竟然难以统一到同一个维度上，甚至都难以统一到同一个类别上。\n\n又是一年秋去冬来，至于秋何时来的，又何时走的，竟然没有任何的概念。记忆里的那场雨，下啊，下啊，就这么下了一个月。突然，打开阳台的窗户，吹进来的风，竟然让自己不能自已的打了个寒颤。\n\n夏天就这么着急忙慌的被一阵秋风送走了，而这阵秋风，也没有带来秋天的微凉。看了下天气预报，最低温 8 度。这个温度甚至连穿什么衣服现在都不确定了，就在前几天还是短袖 T 恤。着急忙慌的把打底裤和厚的裤袜拿出来，竟然也感觉不到热。看来自己这产热量是真的不行了。\n\n过了几天，竟然天气又稍微暖和了那么一点点，只穿一条裤子也不会感觉多冷。难的有这么合适的温度，过年的时候团的写真的券，也该去消费了。虽然有效期很长，虽然几个月前刚拍了一套。至于为什么要去拍照，其实自己也说不清楚，只是每次去拍写真的时候都挺开心的。这半年的时间，虽然没有到如履薄冰的地步，但是工作也并没那么顺利。有时候，甚至自己也担心失业了",
      "author": "obaby@mars"
    },
    {
      "title": "重构 Controller 终极指南：从臃肿到优雅的 7 大黄金法则 + 实战技巧",
      "link": "https://www.blogsclub.org/jump?url=https://www.lifengdi.com/hou-duan/4551",
      "date": "2025-10-31T06:17:49",
      "siteName": "Blogs Club",
      "siteUrl": "https://www.blogsclub.org/",
      "siteAvatar": "/img/links_avatar/blogsclub.png",
      "siteGroup": "博客组织 · 有趣的灵魂，博客人的狂欢",
      "description": "重构 Controller 终极指南：从臃肿到优雅的 7 大黄金法则 + 实战技巧",
      "author": "李锋镝的博客"
    },
    {
      "title": "从3秒到30毫秒！SpringBoot树形结构深度优化指南：不止于O(n)算法的全链路提速方案",
      "link": "https://www.blogsclub.org/jump?url=https://www.lifengdi.com/hou-duan/4550",
      "date": "2025-10-31T02:11:57",
      "siteName": "Blogs Club",
      "siteUrl": "https://www.blogsclub.org/",
      "siteAvatar": "/img/links_avatar/blogsclub.png",
      "siteGroup": "博客组织 · 有趣的灵魂，博客人的狂欢",
      "description": "从3秒到30毫秒！SpringBoot树形结构深度优化指南：不止于O(n)算法的全链路提速方案",
      "author": "李锋镝的博客"
    },
    {
      "title": "《鲁迅小说集》读后记",
      "link": "https://www.blogsclub.org/jump?url=https://fuxes.cn/readings/鲁迅小说集",
      "date": "2025-10-31T00:00:00",
      "siteName": "Blogs Club",
      "siteUrl": "https://www.blogsclub.org/",
      "siteAvatar": "/img/links_avatar/blogsclub.png",
      "siteGroup": "博客组织 · 有趣的灵魂，博客人的狂欢",
      "description": "第一次听到鲁迅的大名是在中学课堂上，不管是老师还是教科书，都对先生不吝赞美之辞。那时的我无知无畏，并不以为意，想着天下写文章的人千千万万，鲁迅写的白话文又这么奇...",
      "author": "fuXes的浮生闲话"
    },
    {
      "title": "乙巳蛇年-十月末",
      "link": "https://www.blogsclub.org/jump?url=https://xyzbz.cn/archives/1463/",
      "date": "2025-10-30T20:53:00",
      "siteName": "Blogs Club",
      "siteUrl": "https://www.blogsclub.org/",
      "siteAvatar": "/img/links_avatar/blogsclub.png",
      "siteGroup": "博客组织 · 有趣的灵魂，博客人的狂欢",
      "description": "杯碎十年之约的定制水杯No.2023001号，算起来也陪伴了我两年半，当初专门要的001的编号，那时候更新老积极了，现在正常更新两篇口水文，加上随机想写的文章。这两年也加了很多友联，看到一个一个...",
      "author": "网友小宋"
    },
    {
      "title": "杂记・吐槽的师傅和想爸爸的孩子",
      "link": "https://www.blogsclub.org/jump?url=https://ilogs.cn/2025/10/30/319.html",
      "date": "2025-10-30T15:58:00",
      "siteName": "Blogs Club",
      "siteUrl": "https://www.blogsclub.org/",
      "siteAvatar": "/img/links_avatar/blogsclub.png",
      "siteGroup": "博客组织 · 有趣的灵魂，博客人的狂欢",
      "description": "之前固定给我送货的一位货车师傅突然不干了。我后来通过一些渠道了解到，这位师傅三天两头违章，还曾把车开到了别人田里，最后还是找人用吊车吊出来的。经历这些事后，他彻底没再开货车了，毕竟总这样入不敷出...",
      "author": "我的日志"
    },
    {
      "title": "在动手之前，我想得太多",
      "link": "https://www.blogsclub.org/jump?url=https://blog.solazy.me/20251030/",
      "date": "2025-10-30T15:00:00",
      "siteName": "Blogs Club",
      "siteUrl": "https://www.blogsclub.org/",
      "siteAvatar": "/img/links_avatar/blogsclub.png",
      "siteGroup": "博客组织 · 有趣的灵魂，博客人的狂欢",
      "description": "我的业余时间其实相当充裕，心中也一直有个模模糊糊的「开发梦」，希望有一天能亲手创造一些实用的小工具。这个念头存在很多年了，尤其在近两年 AI 技术浪潮的推动下，实现这个梦想的门槛被前所未有地拉低，但我却依然停留在原地，迟迟没有迈出第一步。\n有时候，我会把原因归结于「缺少一个好需求」。但事实是，值得被解决的需求其实时常出现在我的生活中。\n举个例子，我早期用过两款名为 MacID 和 Nearlock 的应用。它们的核心功能很相似，都是通过感应 iPhone 与 Mac 的距离，来实现 Mac 的自动锁定与解锁。这是一种相当优雅和便捷的体验。然而，MacID 的功能相对单一，而功能更丰富的 Nearlock 却早在六年前就停止了更新。最近，当我再次需要「离开电脑自动锁屏」这个功能时，发现它们都已不再是可靠的选择。这时，一个强烈的念头再次浮现：「既然没人做了，我是不是可以自己动手做一个？」。当然，这种需求有很多，这里只是我随便想到的一个。\n然而，一个需求的存在，就足以成为开发一款软件的全部理由吗？\n如果只是为了满足自己，这个问题的答案很简单，动手就好。但我的思绪却忍不住飘向了更远的地方。我希",
      "author": "So!azy"
    },
    {
      "title": "",
      "link": "https://www.blogsclub.org/jump?url=https://physnya.top/astro-statistic/lesson-7-Regression-Samplers/",
      "date": "2025-10-30T14:39:06",
      "siteName": "Blogs Club",
      "siteUrl": "https://www.blogsclub.org/",
      "siteAvatar": "/img/links_avatar/blogsclub.png",
      "siteGroup": "博客组织 · 有趣的灵魂，博客人的狂欢",
      "description": "Lesson 7 Regression & Samplers",
      "author": "菲兹克斯喵"
    },
    {
      "title": "Lesson 13 磁标势",
      "link": "https://www.blogsclub.org/jump?url=https://physnya.top/electrodynamics/lesson-13/",
      "date": "2025-10-30T14:39:06",
      "siteName": "Blogs Club",
      "siteUrl": "https://www.blogsclub.org/",
      "siteAvatar": "/img/links_avatar/blogsclub.png",
      "siteGroup": "博客组织 · 有趣的灵魂，博客人的狂欢",
      "description": "Lesson 13 磁标势",
      "author": "菲兹克斯喵"
    },
    {
      "title": "把AI厨神装进NAS，Docker 部署「一饭封神」",
      "link": "https://www.blogsclub.org/jump?url=https://www.344556.xyz/categories/docker/what-to-eat",
      "date": "2025-10-30T13:58:00",
      "siteName": "Blogs Club",
      "siteUrl": "https://www.blogsclub.org/",
      "siteAvatar": "/img/links_avatar/blogsclub.png",
      "siteGroup": "博客组织 · 有趣的灵魂，博客人的狂欢",
      "description": "null",
      "author": "纳思稻壳"
    },
    {
      "title": "有趣的小摆件",
      "link": "https://www.blogsclub.org/jump?url=https://wang618.cn/you-qu-de-xiao-bai-jian.html",
      "date": "2025-10-30T13:25:46",
      "siteName": "Blogs Club",
      "siteUrl": "https://www.blogsclub.org/",
      "siteAvatar": "/img/links_avatar/blogsclub.png",
      "siteGroup": "博客组织 · 有趣的灵魂，博客人的狂欢",
      "description": "在 PDD 买的小摆件，虽然细节不算特别精致，但胜在造型经典，摆放桌面还挺有趣的。",
      "author": "旺东自留地"
    },
    {
      "title": "实践第一，走出自己的第一步！",
      "link": "https://www.blogsclub.org/jump?url=https://www.hansjack.com/archives/1023.html",
      "date": "2025-10-30T13:25:00",
      "siteName": "Blogs Club",
      "siteUrl": "https://www.blogsclub.org/",
      "siteAvatar": "/img/links_avatar/blogsclub.png",
      "siteGroup": "博客组织 · 有趣的灵魂，博客人的狂欢",
      "description": "我发现精力越来越短，这不是年纪大的原因，我正值青年——一切的开端。看到这篇文章，学习《毛选》——如何理解实践第一的观点，倾佩其思想对一个人的决定性作用。十四五计划的结果，新的十五五计划的开始，这...",
      "author": "寒士杰克"
    },
    {
      "title": "随身WiFi的坑",
      "link": "https://www.blogsclub.org/jump?url=https://www.luohuayu.cn/26.html",
      "date": "2025-10-30T13:25:00",
      "siteName": "Blogs Club",
      "siteUrl": "https://www.blogsclub.org/",
      "siteAvatar": "/img/links_avatar/blogsclub.png",
      "siteGroup": "博客组织 · 有趣的灵魂，博客人的狂欢",
      "description": "上个月刚刚搬来苏州这边，租了个小公寓，其实就是一个大套的拆迁房，然后房东改造成了3个单身公寓样式的出租房，感觉还不错，就租下了。住了大半个月很离谱的事发生了，我的流量竟然不够用了╯□╰，因为以前...",
      "author": "落花雨记"
    },
    {
      "title": "学习 || 结构力学（1）",
      "link": "https://www.blogsclub.org/jump?url=https://www.yishu.pro/archives/168.html",
      "date": "2025-10-30T13:18:00",
      "siteName": "Blogs Club",
      "siteUrl": "https://www.blogsclub.org/",
      "siteAvatar": "/img/links_avatar/blogsclub.png",
      "siteGroup": "博客组织 · 有趣的灵魂，博客人的狂欢",
      "description": "今年【那间学堂】的选择题部分课程199一门，买了三合一，已经几节课了，一直没空学，今天开始。\n专业术语\n不可变体系：静定结构、超静定结构\n可变体系：常变、瞬变\n静定\n静定+N个约束=N次超静定\n静定结构：受力简单、能定量的计算\n超静定结构：受力复杂，只能定...",
      "author": "异数"
    },
    {
      "title": "Tailscale 替代 DERP：Peer Relays 更加简单的中继方法（支持分流）",
      "link": "https://www.blogsclub.org/jump?url=https://blog.sleepstars.net/archives/ti-dai-derp-zui-gao-xiao-de-guan-fang-tailscale-relay-lu-you",
      "date": "2025-10-30T13:05:36",
      "siteName": "Blogs Club",
      "siteUrl": "https://www.blogsclub.org/",
      "siteAvatar": "/img/links_avatar/blogsclub.png",
      "siteGroup": "博客组织 · 有趣的灵魂，博客人的狂欢",
      "description": "Tailscale 的 Peer Relays 是 DERP 中继的现代替代方案，具备部署简单、性能更佳和更高安全性等优点。本文提供了从基础配置到分区域策略的完整指南，适合希望降低中继延迟、简化部署的技术用户。",
      "author": "Sleepstars 的小站"
    },
    {
      "title": "PaddleOCR-VL部署使用体验记录",
      "link": "https://www.blogsclub.org/jump?url=https://blog.xiaohack.org/5174.html",
      "date": "2025-10-30T12:46:00",
      "siteName": "Blogs Club",
      "siteUrl": "https://www.blogsclub.org/",
      "siteAvatar": "/img/links_avatar/blogsclub.png",
      "siteGroup": "博客组织 · 有趣的灵魂，博客人的狂欢",
      "description": "前言前阵子看到paddle发布SOTA的OCR模型，预览效果很nb，但看很少人去尝试使用。刚好公司有一些书籍类型的pdf（含公式，图片，表格等），内容双栏显示。使用场景够复杂了吧，也是日常会遇到...",
      "author": "xiaohack's Blog"
    },
    {
      "title": "Claude-code-workflow 番外：设计初衷与如何设计Claude code工作流",
      "link": "https://www.blogsclub.org/jump?url=https://blog.xiaohack.org/5171.html",
      "date": "2025-10-30T12:41:00",
      "siteName": "Blogs Club",
      "siteUrl": "https://www.blogsclub.org/",
      "siteAvatar": "/img/links_avatar/blogsclub.png",
      "siteGroup": "博客组织 · 有趣的灵魂，博客人的狂欢",
      "description": "设计初衷：单次CLaude code任务会执行文件查看，理解，执行的过程。对于相同的prompt，可能会出现每次查看的文件都不相同，进而导致任务执行偏差。简单的任务往往都可以正常完成，但一旦复杂...",
      "author": "xiaohack's Blog"
    },
    {
      "title": "文化决定语言，语言决定思想：我们赖以生存的隐喻（读后感）",
      "link": "https://www.blogsclub.org/jump?url=https://www.vindo.cn/blog/metaphors-we-live-by-notes",
      "date": "2025-10-30T12:00:00",
      "siteName": "Blogs Club",
      "siteUrl": "https://www.blogsclub.org/",
      "siteAvatar": "/img/links_avatar/blogsclub.png",
      "siteGroup": "博客组织 · 有趣的灵魂，博客人的狂欢",
      "description": "一点读后笔记：从“语言的默认设置”谈隐喻如何塑造理解与行动，兼谈“问题是化学反应”的启发与日常感受。",
      "author": "静观小窗"
    },
    {
      "title": "日常瞎折腾😵‍💫",
      "link": "https://www.blogsclub.org/jump?url=https://www.luohuayu.cn/25.html",
      "date": "2025-10-30T10:35:00",
      "siteName": "Blogs Club",
      "siteUrl": "https://www.blogsclub.org/",
      "siteAvatar": "/img/links_avatar/blogsclub.png",
      "siteGroup": "博客组织 · 有趣的灵魂，博客人的狂欢",
      "description": "最近给博客做了一些小美化(≧ｗ≦)添加了随机文章页面，随机展现网站的某一篇文章：随便看看前台添加Live2D看板娘，只添加了最基础的看板娘版本，刚好用来跳转随机文章，哈哈哈https://git...",
      "author": "落花雨记"
    },
    {
      "title": "成都租房经历",
      "link": "https://www.blogsclub.org/jump?url=https://liuqingwushui.top/archives/119/",
      "date": "2025-10-30T10:05:15",
      "siteName": "Blogs Club",
      "siteUrl": "https://www.blogsclub.org/",
      "siteAvatar": "/img/links_avatar/blogsclub.png",
      "siteGroup": "博客组织 · 有趣的灵魂，博客人的狂欢",
      "description": "博主在成都春熙路附近暂住后决定租房，联系中介后发现成都单间价格在800-1600元，中介费和其他费用额外。博主认为找一手房东直租价格更低，但遇到不好的房东退租时会有麻烦。中介房源多，设施全，退租...",
      "author": "流情的博客"
    },
    {
      "title": "龙龙冒险记观看有感，以及我对于爱情的看法",
      "link": "https://www.blogsclub.org/jump?url=https://blog.kokowo.cn/archives/274.html",
      "date": "2025-10-30T09:35:56",
      "siteName": "Blogs Club",
      "siteUrl": "https://www.blogsclub.org/",
      "siteAvatar": "/img/links_avatar/blogsclub.png",
      "siteGroup": "博客组织 · 有趣的灵魂，博客人的狂欢",
      "description": "最近，在网络上突然流行一种给室友看龙龙的故事视频然后拍室友反应的视频，这种视频大部分时候是一开始室友信誓旦旦，最后沉默寡言。抱着对这种探寻为什么观看情感会变化的目的，我点开了龙龙的视频，看了点击...",
      "author": "李友欲梦"
    },
    {
      "title": "文摘 美学课上的闲谈",
      "link": "https://www.blogsclub.org/jump?url=https://qingchangan421.github.io/posts/2025/303/01/",
      "date": "2025-10-30T09:35:06",
      "siteName": "Blogs Club",
      "siteUrl": "https://www.blogsclub.org/",
      "siteAvatar": "/img/links_avatar/blogsclub.png",
      "siteGroup": "博客组织 · 有趣的灵魂，博客人的狂欢",
      "description": "文摘 美学课上的闲谈",
      "author": "长安旧事"
    },
    {
      "title": "[Android稳定性] 第059篇 [问题篇] 内核内存区域重叠导致的页表映射错误",
      "link": "https://www.blogsclub.org/jump?url=https://www.iliuqi.com/archives/android-stability-059",
      "date": "2025-10-30T09:13:38",
      "siteName": "Blogs Club",
      "siteUrl": "https://www.blogsclub.org/",
      "siteAvatar": "/img/links_avatar/blogsclub.png",
      "siteGroup": "博客组织 · 有趣的灵魂，博客人的狂欢",
      "description": "基线升级后引入高通baseline代码导致设备在重启时死机，问题定位至内核mtdoops_do_dump模块。通过dmesg日志和trace32调试发现，关键内存地址pte为空，导致系统在访问p_hdr结构时出现页表异常。分析详细还原故障场景，为后续修复提供技术依据，展示了系统性排查和调试过程的专业",
      "author": "云栖梦泽"
    },
    {
      "title": "我爸在拼多多买到劣质腊肉，我吃了后拉稀，后来发现腊肉中有添加剂",
      "link": "https://www.blogsclub.org/jump?url=https://www.bufanz.com/2025103022.html",
      "date": "2025-10-30T09:06:00",
      "siteName": "Blogs Club",
      "siteUrl": "https://www.blogsclub.org/",
      "siteAvatar": "/img/links_avatar/blogsclub.png",
      "siteGroup": "博客组织 · 有趣的灵魂，博客人的狂欢",
      "description": "我爸在拼多多买到劣质腊肉，我吃了后拉稀，后来发现腊肉中有添加剂前几天，我爸说他在拼多多买了腊肉，我吃了几片就觉得不对劲，味道不像腊肉，反倒像火腿肠，出奇地咸，而且肉片的颜色比正常的浅很多（图1）...",
      "author": "不凡博客"
    },
    {
      "title": "深度解析 Kafka Rebalance：从原理到实战，彻底解决消息积压、重复与丢失",
      "link": "https://www.blogsclub.org/jump?url=https://www.lifengdi.com/zhong-jian-jian/4548",
      "date": "2025-10-30T08:55:23",
      "siteName": "Blogs Club",
      "siteUrl": "https://www.blogsclub.org/",
      "siteAvatar": "/img/links_avatar/blogsclub.png",
      "siteGroup": "博客组织 · 有趣的灵魂，博客人的狂欢",
      "description": "深度解析 Kafka Rebalance：从原理到实战，彻底解决消息积压、重复与丢失",
      "author": "李锋镝的博客"
    },
    {
      "title": "平安好车主 APP 加油巨省，强烈推荐",
      "link": "https://www.blogsclub.org/jump?url=https://www.aiwazi.com/2620.html",
      "date": "2025-10-30T07:41:14",
      "siteName": "Blogs Club",
      "siteUrl": "https://www.blogsclub.org/",
      "siteAvatar": "/img/links_avatar/blogsclub.png",
      "siteGroup": "博客组织 · 有趣的灵魂，博客人的狂欢",
      "description": "之前买的平安的保险，就一直用平安好车主的 APP 加油，里面油价优惠确实比其他所有 APP 更实惠点，现在油价越来越贵，对于咱们油车车主来说，一年的油费支出也不少。 不知不觉买车油费都支出快两万了，买车确实是一笔不小的开销啊。 大家平时都用哪家 APP 加油啊。 查看全文：https://www.aiwazi.com/2620.html",
      "author": "爱娃子"
    },
    {
      "title": "那些偷偷读写硬盘的软件",
      "link": "https://www.blogsclub.org/jump?url=http://bk.treeblog.top/index.php/archives/177/",
      "date": "2025-10-30T07:09:39",
      "siteName": "Blogs Club",
      "siteUrl": "https://www.blogsclub.org/",
      "siteAvatar": "/img/links_avatar/blogsclub.png",
      "siteGroup": "博客组织 · 有趣的灵魂，博客人的狂欢",
      "description": "之前电脑中病毒，下载了 360 杀毒 pro，昨天逛知乎才知道 360 居然有时候读写磁盘次数非常多，把 360 关了，用知友说的软件看了下，没想到 edge 才是隐藏 boss，打开软件，读写...",
      "author": "shu"
    },
    {
      "title": "李懋和：财富是对认知的补偿，而不是对勤奋的嘉奖",
      "link": "https://www.blogsclub.org/jump?url=https://www.dao.js.cn/new/2025103011967.shtml",
      "date": "2025-10-30T07:09:05",
      "siteName": "Blogs Club",
      "siteUrl": "https://www.blogsclub.org/",
      "siteAvatar": "/img/links_avatar/blogsclub.png",
      "siteGroup": "博客组织 · 有趣的灵魂，博客人的狂欢",
      "description": "“财富是对认知的补偿，而不是对勤奋的嘉奖”，这一观点若仅以“无为”“道法自然”浅释，实则未触道学“...",
      "author": "懋和道人"
    },
    {
      "title": "生育",
      "link": "https://www.blogsclub.org/jump?url=https://onojyun.com/2025/10/30/%e7%94%9f%e8%82%b2/",
      "date": "2025-10-30T06:00:00",
      "siteName": "Blogs Club",
      "siteUrl": "https://www.blogsclub.org/",
      "siteAvatar": "/img/links_avatar/blogsclub.png",
      "siteGroup": "博客组织 · 有趣的灵魂，博客人的狂欢",
      "description": "生育",
      "author": "莫比乌斯"
    },
    {
      "title": "ODIS 工程师版19.0下载教程",
      "link": "https://www.blogsclub.org/jump?url=https://blog.vrou.cn/archives/OLRVmAl8",
      "date": "2025-10-30T05:55:25",
      "siteName": "Blogs Club",
      "siteUrl": "https://www.blogsclub.org/",
      "siteAvatar": "/img/links_avatar/blogsclub.png",
      "siteGroup": "博客组织 · 有趣的灵魂，博客人的狂欢",
      "description": "ODIS 工程师版 19.0 简单说，就是大众（含奥迪、斯柯达等旗下品牌）汽车专用的 “专业诊断工具”，能查故障、给车辆编程，但得按官方规矩来用，不能随便搞。 1. 先搞懂：这工具是干嘛的？ 主要给修大众车的专业人员用，比如 4S 店技师，能检测车辆故障、匹配新零件（比如换钥匙）、更新车辆系统。 不",
      "author": "温柔鱼-vrou"
    },
    {
      "title": "秦始皇为什么焚书坑儒？",
      "link": "https://www.blogsclub.org/jump?url=https://www.lifengdi.com/za-tan/4547",
      "date": "2025-10-30T03:27:08",
      "siteName": "Blogs Club",
      "siteUrl": "https://www.blogsclub.org/",
      "siteAvatar": "/img/links_avatar/blogsclub.png",
      "siteGroup": "博客组织 · 有趣的灵魂，博客人的狂欢",
      "description": "秦始皇为什么焚书坑儒？",
      "author": "李锋镝的博客"
    },
    {
      "title": "郑智化与政治化",
      "link": "https://www.blogsclub.org/jump?url=https://onojyun.com/2025/10/30/%e9%83%91%e6%99%ba%e5%8c%96%e4%b8%8e%e6%94%bf%e6%b2%bb%e5%8c%96/",
      "date": "2025-10-30T03:00:00",
      "siteName": "Blogs Club",
      "siteUrl": "https://www.blogsclub.org/",
      "siteAvatar": "/img/links_avatar/blogsclub.png",
      "siteGroup": "博客组织 · 有趣的灵魂，博客人的狂欢",
      "description": "郑智化与政治化",
      "author": "莫比乌斯"
    },
    {
      "title": "MySQL 同步 ElasticSearch 深度指南——6 种方案的原理、实战与避坑",
      "link": "https://www.blogsclub.org/jump?url=https://www.lifengdi.com/zhong-jian-jian/4546",
      "date": "2025-10-30T01:56:54",
      "siteName": "Blogs Club",
      "siteUrl": "https://www.blogsclub.org/",
      "siteAvatar": "/img/links_avatar/blogsclub.png",
      "siteGroup": "博客组织 · 有趣的灵魂，博客人的狂欢",
      "description": "MySQL 同步 ElasticSearch 深度指南——6 种方案的原理、实战与避坑",
      "author": "李锋镝的博客"
    },
    {
      "title": "solitude主题底部添加服务状态",
      "link": "https://www.blogsclub.org/jump?url=https://www.xrbk.cn/post/42.html",
      "date": "2025-10-29T18:24:00",
      "siteName": "Blogs Club",
      "siteUrl": "https://www.blogsclub.org/",
      "siteAvatar": "/img/links_avatar/blogsclub.png",
      "siteGroup": "博客组织 · 有趣的灵魂，博客人的狂欢",
      "description": "",
      "author": "新锐博客"
    },
    {
      "title": "Lesson 6 探索物质的终极结构",
      "link": "https://www.blogsclub.org/jump?url=https://physnya.top/physics-front/lesson-6/",
      "date": "2025-10-29T17:03:03",
      "siteName": "Blogs Club",
      "siteUrl": "https://www.blogsclub.org/",
      "siteAvatar": "/img/links_avatar/blogsclub.png",
      "siteGroup": "博客组织 · 有趣的灵魂，博客人的狂欢",
      "description": "Lesson 6 探索物质的终极结构",
      "author": "菲兹克斯喵"
    },
    {
      "title": "Lesson 12 高维的 Shrödinger 方程",
      "link": "https://www.blogsclub.org/jump?url=https://physnya.top/quantum-mechanics/lesson-12/",
      "date": "2025-10-29T17:03:03",
      "siteName": "Blogs Club",
      "siteUrl": "https://www.blogsclub.org/",
      "siteAvatar": "/img/links_avatar/blogsclub.png",
      "siteGroup": "博客组织 · 有趣的灵魂，博客人的狂欢",
      "description": "如果某一个态是 ∣ψ⟩\\ket{\\psi}∣ψ⟩，那么它可以被投影到不同的表象空间. 这样的态叫做纯态. 什么是混态？\n\n混态是纯态加上一些其他的自由度，比如一个偷偷观测这个粒子的某一个自由度.\n这样我们能够写出一个更大的纯态，包含这些其他自由度.\n\n高维的 Schroödinger 方程\n三维情况下，Hamiltonian 写成\nH=px2+py2+pz22m+Vx+Vy+VzH=\\frac{p_x^2+p_y^2+p_z^2}{2m}+V_x+V_y+V_z\nH=2mpx2​+py2​+pz2​​+Vx​+Vy​+Vz​\n比较好的情况是能够分离变量，也就是 ψ(x,y,z)=ϕx(x)ϕy(y)ϕz(z)\\psi(x,y,z)=\\phi_x(x)\\phi_y(y)\\phi_z(z)ψ(x,y,z)=ϕx​(x)ϕy​(y)ϕz​(z)，得到三个方向上的方程，这里的 EEE 分为 Ex,Ey,EzE_x,E_y,E_zEx​,Ey​,Ez​，Hamiltonian 分解为\nH^i=p^x22mx+12mxω2x2\\hat{H}_i=\\frac{\\hat{p}_x^2}{2m_x}+\\",
      "author": "菲兹克斯喵"
    },
    {
      "title": "部署flymd环境过程的问题",
      "link": "https://www.blogsclub.org/jump?url=https://www.hansjack.com/archives/1021.html",
      "date": "2025-10-29T15:54:00",
      "siteName": "Blogs Club",
      "siteUrl": "https://www.blogsclub.org/",
      "siteAvatar": "/img/links_avatar/blogsclub.png",
      "siteGroup": "博客组织 · 有趣的灵魂，博客人的狂欢",
      "description": "安装 Node.jsnode -vnpm -v安装 Rustwinget install --id Rustlang.Rustup安装完成后执行：rustup updaterustc -Vcar...",
      "author": "寒士杰克"
    },
    {
      "title": "为何他们不锁门？",
      "link": "https://www.blogsclub.org/jump?url=https://blog.solazy.me/20251029/",
      "date": "2025-10-29T15:00:00",
      "siteName": "Blogs Club",
      "siteUrl": "https://www.blogsclub.org/",
      "siteAvatar": "/img/links_avatar/blogsclub.png",
      "siteGroup": "博客组织 · 有趣的灵魂，博客人的狂欢",
      "description": "这几周，我陆续碰到过两三次，前往公共洗手间，那种单独的隔间，门上明明没有显示「使用中」，锁也不是红色的。我以为里面没有人，于是很自然地打开门，结果却发现里面有人。\n我的第一反应是吓了一跳，几乎要叫出声来，然后立刻充满羞愧地关上门，心情短时间内不能平复。但每次发生这种事后，我都会陷入一种沉思：我究竟在羞愧什么？明明是对方没有从内部反锁。如果说这件事有什么后遗症的话，那就是给我之后每一次打开洗手间的门之前心里都会打鼓。在旋动门把手之前，内心总会多一丝犹豫，多一分不确定。\n除了这种长久的心理影响，当下的不快感受也足以影响一天的心情。我忍不住一遍又一遍地想，他们为什么不锁门？\n关于这个问题，或许没有标准答案，但我们可以从几个方面去推测。\n最直接的原因可能就是单纯的「忘记了」。有些人可能习惯了家里的私密环境，或者只是那一刻心不在焉，走进去后顺手带上了门，却忘了转动门锁。这种无心之失虽然可以理解，但却给下一个人带来了十足的尴尬。\n另一种可能性，也许源于一种不同的「社交默契」。在某些人的观念里，一扇关闭的门本身就是一个「请勿打扰」的信号，他们下意识地认为，任何人在开门前都应该先敲门。在这种逻辑下，锁",
      "author": "So!azy"
    },
    {
      "title": "我用AI给自己写了一个hexo主题",
      "link": "https://www.blogsclub.org/jump?url=https://vte.cc/natter/3/",
      "date": "2025-10-29T14:45:14",
      "siteName": "Blogs Club",
      "siteUrl": "https://www.blogsclub.org/",
      "siteAvatar": "/img/links_avatar/blogsclub.png",
      "siteGroup": "博客组织 · 有趣的灵魂，博客人的狂欢",
      "description": "我用AI给自己写了一个hexo主题",
      "author": "维特笔记"
    },
    {
      "title": "我成年啦！18岁生日快乐",
      "link": "https://www.blogsclub.org/jump?url=https://www.sumi233.top/Weekly/zhouji3/",
      "date": "2025-10-29T14:40:00",
      "siteName": "Blogs Club",
      "siteUrl": "https://www.blogsclub.org/",
      "siteAvatar": "/img/links_avatar/blogsclub.png",
      "siteGroup": "博客组织 · 有趣的灵魂，博客人的狂欢",
      "description": "我成年啦！18岁生日快乐",
      "author": "酥米的小站"
    },
    {
      "title": "说说：#1761740972",
      "link": "https://www.blogsclub.org/jump?url=https://eggk.net/notes/ae976ee4.html",
      "date": "2025-10-29T12:29:32",
      "siteName": "Blogs Club",
      "siteUrl": "https://www.blogsclub.org/",
      "siteAvatar": "/img/links_avatar/blogsclub.png",
      "siteGroup": "博客组织 · 有趣的灵魂，博客人的狂欢",
      "description": "每一次跟长辈喝酒，能融入到他们谈论的话题又觉得自己真的长大了，可是自己一个人的时候总喜欢幼稚一点……",
      "author": "拂晓不辍"
    },
    {
      "title": "JS — ES6 知识点笔记: Set",
      "link": "https://www.blogsclub.org/jump?url=https://mgrowup.com/posts/js/es6-set/",
      "date": "2025-10-29T08:36:00",
      "siteName": "Blogs Club",
      "siteUrl": "https://www.blogsclub.org/",
      "siteAvatar": "/img/links_avatar/blogsclub.png",
      "siteGroup": "博客组织 · 有趣的灵魂，博客人的狂欢",
      "description": "Set 的基本用法\nSet 是 ES6 引入的一种新的数据结构，它类似于数组，但一个关键区别：Set 中的值都是唯一的，没有重复的值。\nSet本身是一个构造函数，用来生成 Set 数据结构。",
      "author": "龚东海的博客"
    },
    {
      "title": "夏令时",
      "link": "https://www.blogsclub.org/jump?url=https://www.lifengdi.com/bai-ke/4545",
      "date": "2025-10-29T07:21:00",
      "siteName": "Blogs Club",
      "siteUrl": "https://www.blogsclub.org/",
      "siteAvatar": "/img/links_avatar/blogsclub.png",
      "siteGroup": "博客组织 · 有趣的灵魂，博客人的狂欢",
      "description": "夏令时",
      "author": "李锋镝的博客"
    },
    {
      "title": "浪涌保护器后备熔断器和空开选择",
      "link": "https://www.blogsclub.org/jump?url=https://www.aiwazi.com/2612.html",
      "date": "2025-10-29T06:11:35",
      "siteName": "Blogs Club",
      "siteUrl": "https://www.blogsclub.org/",
      "siteAvatar": "/img/links_avatar/blogsclub.png",
      "siteGroup": "博客组织 · 有趣的灵魂，博客人的狂欢",
      "description": "一、先来看下 GB/T 18802.12-2024 里面关于这块的计算方式，熔断器的选择最小弧前值大于浪涌保护器的 I2t 电涌电流值，这里注意下波形 ...",
      "author": "爱娃子"
    },
    {
      "title": "JS — ES6 知识点笔记: Map",
      "link": "https://www.blogsclub.org/jump?url=https://mgrowup.com/posts/js/es6-map/",
      "date": "2025-10-29T05:23:00",
      "siteName": "Blogs Club",
      "siteUrl": "https://www.blogsclub.org/",
      "siteAvatar": "/img/links_avatar/blogsclub.png",
      "siteGroup": "博客组织 · 有趣的灵魂，博客人的狂欢",
      "description": "JS — ES6 知识点笔记: Map",
      "author": "龚东海的博客"
    },
    {
      "title": "天正 TGM1N 塑壳断路器 CAD 外形图",
      "link": "https://www.blogsclub.org/jump?url=https://www.aiwazi.com/2610.html",
      "date": "2025-10-29T04:34:39",
      "siteName": "Blogs Club",
      "siteUrl": "https://www.blogsclub.org/",
      "siteAvatar": "/img/links_avatar/blogsclub.png",
      "siteGroup": "博客组织 · 有趣的灵魂，博客人的狂欢",
      "description": "图纸中包含天正塑壳断路器（TGM1N）、塑壳漏电断路器(TGM1NL)外形图 提取码：uoUb 查看全文：https://www.aiwazi.com/2610.html",
      "author": "爱娃子"
    },
    {
      "title": "Spring HTTP客户端演进：从RestTemplate到WebClient与RestClient",
      "link": "https://www.blogsclub.org/jump?url=https://www.lifengdi.com/hou-duan/4544",
      "date": "2025-10-29T04:06:37",
      "siteName": "Blogs Club",
      "siteUrl": "https://www.blogsclub.org/",
      "siteAvatar": "/img/links_avatar/blogsclub.png",
      "siteGroup": "博客组织 · 有趣的灵魂，博客人的狂欢",
      "description": "Spring HTTP客户端演进：从RestTemplate到WebClient与RestClient",
      "author": "李锋镝的博客"
    },
    {
      "title": "Butterfly主题实现赞赏页面及侧边卡片",
      "link": "https://blog.liushen.fun/posts/deffcde0/",
      "date": "2025-10-19T09:10:21",
      "siteName": "清羽飞扬",
      "siteUrl": "https://blog.liushen.fun",
      "siteAvatar": "https://blog.liushen.fun/info/avatar.ico",
      "siteGroup": "技术博客",
      "description": "好久没更新魔改主题的教程了，主要是目前整体已趋于稳定，加上我也有意转向动态框架。不过前些天发哥催我做一个打赏页面，那我可开心了。于是上周抽空逐步将其打磨完成，效果也让我十分满意。顺便写下这篇教程，希望能对大家有所帮助。",
      "author": ""
    },
    {
      "title": "使用TinyAuth实现任意应用登录认证",
      "link": "https://blog.liushen.fun/posts/362bfd8b/",
      "date": "2025-10-07T08:20:21",
      "siteName": "清羽飞扬",
      "siteUrl": "https://blog.liushen.fun",
      "siteAvatar": "https://blog.liushen.fun/info/avatar.ico",
      "siteGroup": "技术博客",
      "description": "这个假期过得充实又满足。我深入研究了Tinyauth，并成功将其无缝接入到任意Docker应用中，实现了统一身份验证与访问控制，避免服务被滥用。目前已有多个应用启用验证。接下来，我将以Casdoor为核心，构建更完善的通行证生态与配套应用体系。",
      "author": ""
    },
    {
      "title": "高性价比 和 便宜的 VPS/云服务器 推荐 2025/10/24更新",
      "link": "https://blog.zeruns.com/archives/383.html",
      "date": "2020-03-29T09:59:00",
      "siteName": "Zeruns's Blog",
      "siteUrl": "https://blog.zeruns.com",
      "siteAvatar": "https://blog.zeruns.com/tx.jpg",
      "siteGroup": "技术博客",
      "description": "本文推荐了2025年高性价比和便宜的VPS/云服务器，涵盖国内外多家服务商的优惠信息及配置详情，包括阿里云、腾讯云、华为云等。同时提供高防服务器和独立服务器的选择，并分享搭建网站等相关实用技巧。",
      "author": "zeruns"
    }
  ],
  "generated_at": "2025-11-03T04:32:41.991430",
  "total_count": 105,
  "sites_count": 4
}